{"elapsed_seconds": [455.669982997, 439.311407485, 437.866936111, 432.832924461, 438.76170804, 434.130848188, 434.522013892, 434.139669889, 435.498793093, 436.036120733], "mean": 437.8770404889, "median": 436.036120733}