{"elapsed_seconds": [0.253813592, 0.230398595, 0.231869181, 0.237526868, 0.254174304, 0.238474742, 0.238184346, 0.23211742, 0.238514366, 0.232335112], "mean": 0.23874085259999997, "median": 0.238184346}