{"elapsed_seconds": [1.025831748, 1.025771448, 1.020604748, 1.023159266, 1.022990168, 1.020247977, 1.019363097, 1.017045082, 1.021128282, 1.021914145], "mean": 1.0218055961, "median": 1.021914145}