{"elapsed_seconds": [138.62943955, 138.174644345, 138.344947228, 138.395375438, 138.813338563, 137.902533333, 138.394360523, 138.451631781, 137.782201403, 137.28397131], "mean": 138.2172443474, "median": 138.394360523}