{"elapsed_seconds": [124.559718533, 125.112099162, 124.16147282, 124.651757897, 124.465055186, 124.292602074, 123.266610304, 122.924538324, 123.087386772, 123.140988436], "mean": 123.96622295080002, "median": 124.292602074}