{"elapsed_seconds": [25.996102925, 25.301277751, 26.815717364, 25.08637239, 25.081051921, 26.532737055, 24.729479961, 24.41106492, 26.142628937, 25.66905908], "mean": 25.57654923040001, "median": 25.66905908}