{"elapsed_seconds": [26.689315908, 25.977366898, 25.708052362, 24.888137874999998, 26.689088061, 26.237244021, 24.59026932, 26.515490056, 26.224696704, 26.721641587], "mean": 26.0241302792, "median": 26.237244021}