{"elapsed_seconds": [96.704276357, 81.61355915, 97.04462979, 86.200931052, 103.566179167, 103.727811613, 109.57040976, 85.333544859, 96.309905486, 89.573830716], "mean": 94.96450779499999, "median": 96.704276357}