{"elapsed_seconds": [11.873373586, 11.34237425, 12.579620345, 13.313091682, 14.092052255, 12.419959049, 11.371540643, 10.995370971, 12.617373542, 12.721471982], "mean": 12.3326228305, "median": 12.579620345}