{"elapsed_seconds": [432.275004221, 430.267507513, 430.423319491, 427.700943827, 433.449346575, 429.126664015, 427.930095395, 429.966902842, 434.420367193, 432.107464073], "mean": 430.7667615145, "median": 430.423319491}