{"elapsed_seconds": [63.014717929, 63.583278036, 63.442507554, 63.812679896, 63.772493142, 63.979312601, 63.791552741, 63.754476924, 64.090140723, 63.870330318], "mean": 63.711148986400005, "median": 63.791552741}