{"elapsed_seconds": [2.986463269, 2.91585641, 3.013705146, 2.893645819, 2.815561931, 2.81233625, 2.769872022, 2.818139769, 2.812759769, 2.802222436], "mean": 2.8640562821, "median": 2.818139769}