{"elapsed_seconds": [0.027150312, 0.028533088, 0.027168554, 0.028455659, 0.025595143, 0.026401401, 0.028578123, 0.025880571, 0.026988886, 0.027133176], "mean": 0.0271884913, "median": 0.027150312}