{"elapsed_seconds": [0.051367914, 0.051159007, 0.049071509, 0.049213695, 0.050153193, 0.051630881, 0.051920528, 0.052804369, 0.044937124, 0.049483517], "mean": 0.050174173700000005, "median": 0.051159007}