{"elapsed_seconds": [119.460496476, 120.361621191, 120.17493121, 120.245665907, 119.589690963, 119.474097224, 120.173801501, 113.564864049, 102.805096529, 120.503609702], "mean": 117.63538747519999, "median": 120.173801501}