{"elapsed_seconds": [0.008908823, 0.008898627, 0.008901601, 0.008902893, 0.008905577, 0.008926374, 0.00893886, 0.008919702, 0.008910577, 0.008889089], "mean": 0.008910212300000001, "median": 0.008908823}