{"elapsed_seconds": [0.824637245, 0.824641675, 0.824370531, 0.825136118, 0.823386566, 0.823272041, 0.824858068, 0.825255345, 0.824549501, 0.828427664], "mean": 0.8248534754, "median": 0.824641675}