{"elapsed_seconds": [57.737481526, 57.378503992, 58.439741544, 58.060711765, 58.530052009, 58.276494541, 57.9807316, 58.692249267, 57.889321017, 57.594935345], "mean": 58.0580222606, "median": 58.060711765}