{"elapsed_seconds": [198.53371152, 194.208983502, 195.577605042, 195.28396187, 198.97124304, 195.379973314, 201.363308, 195.521086492, 201.95051482, 195.984255035], "mean": 197.2774642635, "median": 195.984255035}