{"elapsed_seconds": [4.130380032, 4.247662234, 4.638300958, 4.338446018, 4.863049231, 4.588235227, 5.073592489, 5.175874845, 5.091514493, 4.825393733], "mean": 4.697244926, "median": 4.825393733}