{"elapsed_seconds": [0.008456692, 0.008461236, 0.008459761, 0.00846286, 0.008451985, 0.008453871, 0.008463532, 0.008465715, 0.008455618, 0.008444942], "mean": 0.0084576212, "median": 0.008459761}