{"elapsed_seconds": [1.001978245, 1.002779228, 1.003073392, 1.003714006, 1.003527281, 1.003482276, 1.003356731, 1.003606055, 1.003216443, 1.003419188], "mean": 1.0032152845, "median": 1.003419188}