{"elapsed_seconds": [0.536319549, 0.535723192, 0.536895438, 0.535598805, 0.538436445, 0.534543947, 0.534883334, 0.537242007, 0.538682328, 0.537668081], "mean": 0.5365993125999999, "median": 0.536895438}