{"elapsed_seconds": [1.491335292, 1.492844163, 1.495859522, 1.490076695, 1.494520423, 1.489440672, 1.516297309, 1.489986462, 1.50036566, 1.505544785], "mean": 1.4966270982999998, "median": 1.494520423}