{"elapsed_seconds": [101.074896539, 100.919982128, 101.331785553, 101.207685011, 100.807702095, 101.087785401, 101.012848738, 101.277778169, 101.069931974, 100.881014847], "mean": 101.0671410455, "median": 101.074896539}