{"elapsed_seconds": [0.008664864, 0.008668344, 0.008672186, 0.008663158, 0.00866098, 0.008658241, 0.008671077, 0.008674476, 0.00866095, 0.008693894], "mean": 0.008668817, "median": 0.008668344}