{"elapsed_seconds": [15.750057758, 15.76270151, 15.755882224, 15.757340543, 15.757028797, 15.763904195, 15.758249772, 15.751158308, 15.760778048, 15.751790231], "mean": 15.756889138599998, "median": 15.757340543}