{"elapsed_seconds": [132.329594563, 131.62336844, 137.769241043, 131.212234352, 136.74769824, 132.288673728, 138.215575953, 141.28051813, 138.374743975, 134.22613476], "mean": 135.40677831839997, "median": 136.74769824}