{"elapsed_seconds": [0.511520769, 0.508767678, 0.512951912, 0.509826969, 0.509633864, 0.510674694, 0.510987015, 0.509887287, 0.509654289, 0.509599052], "mean": 0.5103503529000001, "median": 0.509887287}