{"elapsed_seconds": [462.671523836, 461.357727359, 461.268172362, 470.60904095, 469.634484894, 467.457726879, 462.20115701, 468.568664394, 462.450123279, 464.913675578], "mean": 465.1132296541, "median": 464.913675578}