{"elapsed_seconds": [5.411069271, 5.584707428, 5.135498148, 5.74360059, 5.202326548, 5.626378446, 5.26256846, 5.255554861, 5.292346547, 5.342020979], "mean": 5.3856071278, "median": 5.342020979}