{"elapsed_seconds": [7.469856936, 7.474494683, 7.479403554, 7.46833696, 7.472312528, 7.467812874, 7.480666959, 7.470199051, 7.47225812, 7.474222579], "mean": 7.4729564244, "median": 7.472312528}