{"elapsed_seconds": [0.082760943, 0.075832134, 0.084247252, 0.077048754, 0.076405412, 0.079204863, 0.079395632, 0.079984053, 0.076882234, 0.077301207], "mean": 0.07890624839999999, "median": 0.079204863}