{"elapsed_seconds": [8.449388318, 9.035862668, 9.151621932, 8.525098381, 8.182679232, 7.796534357, 7.788635773, 7.813252139, 8.257068504, 8.55408749], "mean": 8.3554228794, "median": 8.449388318}