{"elapsed_seconds": [1.008973438, 1.00698775, 1.005880381, 1.009327176, 1.006383259, 1.007191927, 1.005936277, 1.007397954, 1.006057272, 1.011128103], "mean": 1.0075263537, "median": 1.007191927}