{"elapsed_seconds": [2.641976609, 2.64264262, 2.64411688, 2.641557985, 2.642439735, 2.644018098, 2.645327467, 2.64443974, 2.6417564909999998, 2.644341071], "mean": 2.6432616696, "median": 2.644018098}