{"elapsed_seconds": [0.16912195, 0.16453125, 0.166960869, 0.169880792, 0.171116852, 0.170097393, 0.164637076, 0.170317364, 0.164702084, 0.169229749], "mean": 0.1680595379, "median": 0.169229749}