{"elapsed_seconds": [0.229746675, 0.229752176, 0.235475539, 0.230002485, 0.230025545, 0.23069625, 0.229992114, 0.230172263, 0.229673067, 0.22967591], "mean": 0.2305212024, "median": 0.230002485}