{"elapsed_seconds": [4.264906027, 4.419405722, 4.391603803, 4.482605055, 4.686229498, 5.103546598, 4.635190464, 4.413158477, 4.39766018, 4.492864384], "mean": 4.5287170208, "median": 4.482605055}