{"elapsed_seconds": [2.416686114, 2.24891462, 2.390877003, 2.122068232, 2.395656124, 2.392970661, 2.196083576, 2.138069569, 2.133893328, 2.270716147], "mean": 2.2705935374, "median": 2.270716147}