{"elapsed_seconds": [50.603490187, 59.080326988, 51.605080646, 59.039912545, 65.660719038, 54.19338976, 65.527403545, 52.914464896, 71.562868617, 57.695397823], "mean": 58.78830540450001, "median": 59.039912545}