{"elapsed_seconds": [0.013532915, 0.012053564, 0.011890073, 0.012582435, 0.011817404, 0.011974977, 0.011867435, 0.011924157, 0.013357833, 0.013355275], "mean": 0.0124356068, "median": 0.012053564}