{"elapsed_seconds": [3.406468132, 3.786699691, 3.252403176, 3.796646493, 3.585569823, 3.425943853, 3.409376456, 3.430426499, 3.345169671, 4.077874216], "mean": 3.5516578009999997, "median": 3.430426499}