{"elapsed_seconds": [0.001838156, 0.001806179, 0.001612346, 0.001859039, 0.001827346, 0.001866036, 0.001668423, 0.001794917, 0.001748228, 0.001787751], "mean": 0.0017808421000000002, "median": 0.001806179}