{"elapsed_seconds": [20.634722754, 19.715194327, 19.18801454, 20.290019051, 20.488427899, 19.96169123, 17.435927165, 18.816458726, 20.692215851, 19.247654341], "mean": 19.6470325884, "median": 19.96169123}