{"elapsed_seconds": [1.015325007, 1.015409146, 1.01733382, 1.018610847, 1.018789853, 1.022022351, 1.025162886, 1.024148793, 1.023089186, 1.025057354], "mean": 1.0204949242999999, "median": 1.022022351}