{"elapsed_seconds": [224.466823447, 225.755620947, 224.102985705, 222.676226604, 224.691883058, 224.602063518, 224.284251939, 224.040025895, 225.762873036, 224.356890408], "mean": 224.47396445569998, "median": 224.466823447}