{"elapsed_seconds": [207.249967028, 205.860968787, 205.752339795, 203.996296689, 206.480079719, 206.276318239, 205.725607232, 205.011493191, 205.760262561, 205.71211932], "mean": 205.78254525609995, "median": 205.760262561}