{"elapsed_seconds": [188.735134103, 187.983088992, 188.112667336, 188.607839481, 188.745180627, 186.887002531, 188.883501112, 188.000855786, 188.857578655, 189.185773876], "mean": 188.39986224989997, "median": 188.735134103}