{"elapsed_seconds": [9.714630186, 9.709141398, 9.712112807, 9.706309105999999, 9.710427155, 9.708592892, 9.712483705, 9.708366589, 9.706758966, 9.714368102], "mean": 9.710319090599999, "median": 9.710427155}