{"elapsed_seconds": [324.718551839, 324.762379534, 324.103096806, 324.367762806, 325.339615661, 324.506537828, 325.476214521, 324.007930447, 325.752146716, 325.636002333], "mean": 324.8670238491, "median": 324.762379534}