{"elapsed_seconds": [58.485406136, 58.527576294, 58.233690821, 58.32697438, 58.003464283, 58.341536827, 58.439177796, 58.293147288, 58.080064977, 58.191082859], "mean": 58.292212166099986, "median": 58.32697438}