{"elapsed_seconds": [123.582757864, 123.694192194, 123.297088585, 123.202744777, 123.325627695, 122.834729475, 123.151338787, 123.355848458, 123.255235567, 123.032122783], "mean": 123.2731686185, "median": 123.297088585}