{"elapsed_seconds": [169.924947341, 154.643770744, 163.140178714, 155.000315284, 156.219853306, 154.833091332, 166.842531654, 154.590249649, 165.645886973, 154.792983262], "mean": 159.5633808259, "median": 156.219853306}