{"elapsed_seconds": [406.882363797, 406.022817203, 406.546508275, 407.039250956, 406.149540456, 405.977893462, 407.040150639, 406.3384002, 406.860666575, 406.346225659], "mean": 406.52038172219994, "median": 406.546508275}