{"elapsed_seconds": [19.527355336, 19.534652136, 19.525435546, 19.531122104, 19.530781634, 19.52270006, 19.530966146, 19.526447534, 19.524546248, 19.524441545], "mean": 19.5278448289, "median": 19.527355336}