{"elapsed_seconds": [2.65773135, 3.530083471, 2.632936615, 3.512918397, 2.562840272, 3.703234273, 2.578124051, 3.724080226, 2.582975621, 3.768606396], "mean": 3.1253530672, "median": 3.512918397}