{"elapsed_seconds": [0.224000118, 0.224033549, 0.224072892, 0.224092256, 0.224303654, 0.22459371, 0.225069229, 0.223977331, 0.224329195, 0.224017052], "mean": 0.22424889859999997, "median": 0.224092256}