{"elapsed_seconds": [359.67169238, 360.932172, 359.647625351, 359.822755616, 360.311313548, 360.209426914, 360.209340684, 359.039083488, 360.215734254, 360.728081568], "mean": 360.0787225803, "median": 360.209426914}