{"elapsed_seconds": [12.201521718, 12.777389574, 12.85913201, 12.068934832, 11.513698274, 11.717097376, 13.07509582, 13.210802659, 12.755182019, 12.439106728], "mean": 12.461796101000001, "median": 12.755182019}