{"elapsed_seconds": [1.67399571, 1.6739865699999998, 1.673291984, 1.6729629780000002, 1.6729740199999998, 1.6843712960000001, 1.6734735459999999, 1.6732096570000001, 1.6729516389999999, 1.6708585249999999], "mean": 1.6742075925000002, "median": 1.673291984}