{"elapsed_seconds": [41.263144791, 41.218924922, 42.920984642, 41.754223759, 41.795612067, 41.189054697, 41.286791339, 42.943620064, 43.219423721, 41.195242673], "mean": 41.8787022675, "median": 41.754223759}