{"elapsed_seconds": [0.412544115, 0.429332751, 0.411511594, 0.412487999, 0.414777685, 0.413024739, 0.41268389, 0.447398542, 0.41170977, 0.413088046], "mean": 0.41785591310000003, "median": 0.413024739}