{"elapsed_seconds": [360.038512477, 360.474881982, 359.985588954, 358.935800363, 362.124279882, 360.826147634, 361.445785118, 365.872468731, 366.31486543, 366.642633147], "mean": 362.2660963718, "median": 361.445785118}