{"elapsed_seconds": [8.253690473, 7.279387039, 7.607425829, 7.855895608, 9.134686444, 8.485285346, 8.519702154, 8.736616374, 8.132015179, 7.753845601], "mean": 8.1758550047, "median": 8.253690473}