{"elapsed_seconds": [257.938051692, 257.804834931, 258.525511725, 260.614525972, 262.517012177, 261.392975422, 259.188804479, 259.636463107, 259.255962145, 257.541671562], "mean": 259.44158132120003, "median": 259.255962145}