{"elapsed_seconds": [44.833664561, 44.528332846, 44.392819346, 44.949675181, 44.236031224, 45.225827668, 43.199796631, 45.697378515, 43.706014738, 45.095583702], "mean": 44.5865124412, "median": 44.833664561}