{"elapsed_seconds": [12.617020884, 12.606316422, 12.612169428, 12.604747874, 12.618920927, 12.614796486, 12.617743578, 12.614167667, 12.620245135, 12.611693262], "mean": 12.613782166300002, "median": 12.614796486}