{"elapsed_seconds": [79.208249453, 79.276112039, 78.866382326, 79.543409474, 79.014674706, 79.013370321, 78.954132047, 79.068845216, 78.53306586, 78.954759088], "mean": 79.04330005300001, "median": 79.014674706}