{"elapsed_seconds": [64.067655251, 64.226148256, 64.463398441, 63.893531051, 63.675211694, 63.365489727, 63.088765037, 63.211093574, 63.43522255, 63.779595589], "mean": 63.720611117, "median": 63.779595589}