{"elapsed_seconds": [1.751792559, 1.743554575, 1.7366801139999999, 1.796567963, 1.734900535, 1.739923749, 1.745416773, 1.736804463, 1.743341724, 1.741792889], "mean": 1.7470775344, "median": 1.743341724}