{"elapsed_seconds": [1.751848855, 1.746221805, 1.749976604, 1.743399511, 1.772830621, 1.7742496, 1.795558936, 1.782931185, 1.797473306, 1.7811540620000001], "mean": 1.7695644485000002, "median": 1.7742496}