{"elapsed_seconds": [203.227173171, 202.235968784, 205.542256956, 206.085878093, 207.50903237, 205.990054942, 206.406584918, 206.203570322, 203.498365705, 204.391988514], "mean": 205.10908737749997, "median": 205.990054942}