{"elapsed_seconds": [431.422421054, 428.304402504, 437.605439224, 434.272471431, 434.41959315, 434.884190253, 428.76789665, 429.088120243, 428.904035156, 431.049527129], "mean": 431.8718096793999, "median": 431.422421054}