{"elapsed_seconds": [5.942000251, 6.411836225, 6.039554393, 6.0772118, 5.954515795, 6.179114071, 5.976438405, 6.151559602, 5.925134496, 6.399159127], "mean": 6.1056524165, "median": 6.0772118}