{"elapsed_seconds": [0.228513431, 0.229261933, 0.229800706, 0.228715881, 0.228736943, 0.230677051, 0.228827972, 0.228692814, 0.228872573, 0.228646445], "mean": 0.22907457489999997, "median": 0.228827972}