{"elapsed_seconds": [7.738863572, 7.958986726, 7.73807748, 7.952485866, 7.916140476, 8.100026868, 7.742378572, 7.850443552, 7.739035809, 7.839111291], "mean": 7.8575550212, "median": 7.850443552}