{"elapsed_seconds": [0.529619615, 0.535002089, 0.529821322, 0.531066346, 0.528345601, 0.529455043, 0.529214097, 0.52857476, 0.528750151, 0.529082145], "mean": 0.5298931169, "median": 0.529455043}