{"elapsed_seconds": [35.660976861, 36.985263464, 36.312465604, 36.604085779, 36.326796366, 36.722316542, 36.30213098, 36.266384416, 37.288866607, 37.134428742], "mean": 36.5603715361, "median": 36.604085779}