{"elapsed_seconds": [69.141019257, 61.557895606, 73.531520029, 63.28929932, 79.778584182, 66.805851316, 85.941975406, 68.096500644, 91.210848414, 68.008318226], "mean": 72.73618124000001, "median": 69.141019257}