{"elapsed_seconds": [0.005630439, 0.005595624, 0.005489035, 0.005115098, 0.005103818, 0.005043159, 0.004786958, 0.005332432, 0.005024967, 0.004903687], "mean": 0.0052025217, "median": 0.005115098}