{"elapsed_seconds": [137.975127809, 138.554777946, 137.903155901, 138.177943745, 138.286720515, 138.350073531, 138.300499064, 138.227065297, 137.853041482, 138.201992057], "mean": 138.18303973470003, "median": 138.227065297}