{"elapsed_seconds": [24.514685481, 23.843631952, 24.48677537, 23.846518594, 24.445381285, 23.85061895, 24.468885028, 23.851742869, 24.400302241, 23.474727335], "mean": 24.1183269105, "median": 24.400302241}