{"elapsed_seconds": [0.317960717, 0.322738592, 0.322615196, 0.321027306, 0.320341881, 0.320113036, 0.323011371, 0.317334258, 0.317926643, 0.323648785], "mean": 0.3206717785, "median": 0.321027306}