{"elapsed_seconds": [79.596759674, 79.197355845, 79.533048932, 79.158111794, 79.067277871, 79.11349741, 79.701981034, 79.304673125, 79.538727158, 78.850448327], "mean": 79.306188117, "median": 79.304673125}