{"elapsed_seconds": [5.399467082, 5.4008654830000005, 5.400411033, 5.399364836, 5.399356129, 5.39901399, 5.399028463, 5.398110632, 5.399002804, 5.405155922], "mean": 5.3999776374, "median": 5.399364836}