{"elapsed_seconds": [3.079846418, 2.874966909, 3.122390101, 2.933817903, 2.821139477, 2.891091967, 2.999511145, 2.890877116, 2.88460847, 2.871752979], "mean": 2.9370002485, "median": 2.891091967}