{"elapsed_seconds": [0.12149974, 0.115261579, 0.121642307, 0.117678812, 0.118652094, 0.115971542, 0.122210357, 0.115810645, 0.114281176, 0.119528057], "mean": 0.1182536309, "median": 0.118652094}