{"elapsed_seconds": [257.949253151, 259.402967242, 259.267447898, 260.309091455, 259.883079882, 261.426484995, 258.330149978, 258.222003105, 258.927892605, 260.745907288], "mean": 259.4464277599, "median": 259.402967242}