{"elapsed_seconds": [160.695788774, 160.702896953, 160.496969465, 160.730698192, 160.739364238, 160.394741426, 160.420591984, 160.605079144, 160.650270594, 160.66548997], "mean": 160.610189074, "median": 160.66548997}