{"elapsed_seconds": [36.46317203, 37.454430493, 34.326854194, 36.681311897, 35.31064746, 36.077101656, 36.810713806, 35.915975768, 36.861992446, 36.140435185], "mean": 36.204263493499994, "median": 36.46317203}