{"elapsed_seconds": [1.217711143, 1.220219341, 1.218899093, 1.222906662, 1.221872975, 1.221831168, 1.219761228, 1.246086561, 1.220251631, 1.21663306], "mean": 1.2226172861999998, "median": 1.220251631}