{"elapsed_seconds": [226.339662347, 225.043345252, 224.265143809, 220.911985571, 222.333580256, 224.733549722, 225.974847096, 223.339515246, 222.144073246, 221.706354923], "mean": 223.67920574680002, "median": 224.265143809}