{"elapsed_seconds": [100.76735957, 100.060596008, 100.682949254, 100.5864518, 101.100628689, 100.412040742, 100.393332662, 100.121141828, 100.050002205, 100.737225859], "mean": 100.4911728617, "median": 100.5864518}