{"elapsed_seconds": [0.668342253, 0.666758119, 0.666667095, 0.666349182, 0.668032782, 0.667560087, 0.665641729, 0.668178532, 0.667815257, 0.675171463], "mean": 0.6680516499, "median": 0.667815257}