{"elapsed_seconds": [19.103877194, 20.517076915, 20.051409234, 20.509768348, 21.014079621, 21.176862123, 19.348203971, 20.461474176, 21.333662563, 20.428201939], "mean": 20.3944616084, "median": 20.509768348}