{"elapsed_seconds": [37.815683711, 35.403618056, 38.517129329, 36.818100003, 35.869717496, 35.684902374, 37.482123958, 35.438615934, 35.833201094, 35.906886159], "mean": 36.4769978114, "median": 35.906886159}