{"elapsed_seconds": [29.179137099, 29.198348456, 29.601968131, 29.179637144, 29.485007272, 29.202712794, 29.331273123, 29.194810294, 29.220950472, 29.826740745], "mean": 29.342058552999998, "median": 29.220950472}