{"elapsed_seconds": [4.637088357, 4.378021216, 4.097221792, 4.288146888, 4.176866487, 4.078525415, 4.8811075200000005, 4.212201685, 4.578439743, 4.213248064], "mean": 4.3540867166999995, "median": 4.288146888}