{"elapsed_seconds": [44.185995403, 44.966509109, 44.770165426, 45.188312532, 44.113349112, 45.491893116, 44.003253505, 44.699194578, 44.703586732, 44.499006835], "mean": 44.6621266348, "median": 44.703586732}