{"elapsed_seconds": [0.067915903, 0.067936322, 0.067983746, 0.06790023, 0.067956452, 0.067899307, 0.06792093, 0.068000127, 0.06809059, 0.068058683], "mean": 0.06796622899999999, "median": 0.067956452}