{"elapsed_seconds": [0.067720016, 0.06764785, 0.06769678, 0.067640756, 0.067653382, 0.06768535, 0.067653666, 0.067697126, 0.067660464, 0.067716364], "mean": 0.06767717540000001, "median": 0.06768535}