{"elapsed_seconds": [3.852016536, 3.850820862, 3.851376379, 3.850848575, 3.855174027, 3.850679596, 3.851845367, 3.851074174, 3.8510608729999998, 3.851773455], "mean": 3.8516669844, "median": 3.851376379}