{"elapsed_seconds": [327.273088131, 324.445482323, 324.735019016, 324.07255875, 324.119607787, 327.198986078, 324.682558233, 326.145986131, 324.255303908, 324.227849944], "mean": 325.1156440301, "median": 324.682558233}