{"elapsed_seconds": [0.531612676, 0.534670564, 0.534127836, 0.534360211, 0.533353656, 0.533289056, 0.533139844, 0.533510759, 0.537860489, 0.532511635], "mean": 0.5338436726, "median": 0.533510759}