{"elapsed_seconds": [423.998950567, 425.165264807, 426.94127314, 422.312983061, 424.311031951, 424.931270711, 436.804248501, 427.320854757, 413.069718262, 423.730540646], "mean": 424.85861364030006, "median": 424.931270711}