{"elapsed_seconds": [0.067337053, 0.067371077, 0.067356767, 0.067366659, 0.067334739, 0.067368013, 0.067368625, 0.067373444, 0.06731995, 0.067364762], "mean": 0.0673561089, "median": 0.067366659}