{"elapsed_seconds": [160.511204388, 160.785965298, 160.425869395, 160.651612392, 161.083161263, 161.151499972, 160.997605005, 160.945299608, 160.698912815, 161.165176621], "mean": 160.8416306757, "median": 160.945299608}