{"elapsed_seconds": [1.745387928, 1.734821809, 1.7387797680000001, 1.737569871, 1.73335953, 1.735481977, 1.736497368, 1.7373085750000001, 1.733156813, 1.736961286], "mean": 1.7369324924999998, "median": 1.736961286}