{"elapsed_seconds": [187.343810307, 187.178186517, 187.52612966, 187.507138588, 188.658382679, 188.532998205, 188.117729183, 189.116408562, 189.679185414, 189.426974185], "mean": 188.30869433, "median": 188.532998205}