{"elapsed_seconds": [0.003899204, 0.003894935, 0.003866548, 0.003888991, 0.003891685, 0.003902887, 0.003913027, 0.003920929, 0.003914261, 0.00391681], "mean": 0.0039009277, "median": 0.003902887}