{"elapsed_seconds": [11.469518345000001, 9.188283523, 9.554222138, 10.357479718, 10.145977659, 9.073380052, 11.260987611000001, 8.886629326, 11.702178242, 9.718453557], "mean": 10.1357110171, "median": 10.145977659}