{"elapsed_seconds": [48.519572072, 48.94910284, 48.188972666, 49.090046065, 49.248345239, 47.939917044, 49.371035138, 48.378975314, 48.82830331, 49.269613193], "mean": 48.778388288100004, "median": 48.94910284}