{"elapsed_seconds": [1.28682309, 1.281827402, 1.277598984, 1.323591665, 1.302021984, 1.333105491, 1.365472871, 1.33910873, 1.317341587, 1.311184709], "mean": 1.3138076512999999, "median": 1.317341587}