{"elapsed_seconds": [91.03071731, 90.78267179, 90.163680897, 91.293364261, 91.301673906, 91.724295295, 91.478880335, 91.186839112, 91.009422376, 90.926476537], "mean": 91.08980218190001, "median": 91.186839112}