{"elapsed_seconds": [174.818648769, 173.349062954, 172.286092938, 175.477014305, 173.484583161, 175.121963423, 175.80990984, 175.207828791, 174.776614298, 176.296886428], "mean": 174.66286049070004, "median": 175.121963423}