{"elapsed_seconds": [9.072526037, 10.631964526, 7.210902613, 8.916832373, 9.420366378, 13.524424024, 8.647839998, 9.962184374, 9.446195992, 8.459682454], "mean": 9.5292918769, "median": 9.420366378}