{"elapsed_seconds": [114.61499132, 115.256143397, 114.843427319, 114.595931013, 114.690318026, 114.634640341, 114.351537582, 113.903327253, 114.977544131, 115.555220945], "mean": 114.7423081327, "median": 114.690318026}