{"elapsed_seconds": [12.10653467, 11.341471048, 12.299578584, 12.819096255, 12.799275362, 12.440843301, 11.812924316, 11.019628146, 12.252913943, 12.377806486], "mean": 12.1270072111, "median": 12.299578584}