{"elapsed_seconds": [0.009692078, 0.010693297, 0.010249718, 0.010765624, 0.009177848, 0.009325186, 0.008859823, 0.009619299, 0.009553254, 0.009028736], "mean": 0.009696486299999998, "median": 0.009619299}