{"elapsed_seconds": [24.236025801, 19.170112923, 19.187318688, 21.428121804, 22.670841589, 12.73497755, 14.964595638, 13.895473600999999, 14.849383502, 15.115263193], "mean": 17.825211428899998, "median": 19.170112923}