{"elapsed_seconds": [0.513081158, 0.51386516, 0.45355487, 0.619269788, 0.59872361, 0.684338236, 0.510432738, 0.614945669, 0.661024865, 0.664929523], "mean": 0.5834165617, "median": 0.614945669}