{"elapsed_seconds": [135.117011617, 134.952795834, 134.952640887, 134.742751679, 134.978167556, 135.229642087, 135.358275655, 135.137733859, 135.457928092, 134.867154329], "mean": 135.07941015950001, "median": 135.117011617}