{"elapsed_seconds": [25.139207299, 25.18971707, 23.466731147, 24.674889439, 25.477653256, 24.214652409, 25.011253479, 25.808263614, 23.784015676, 22.734518937], "mean": 24.5500902326, "median": 25.011253479}