{"elapsed_seconds": [2.622983601, 2.622416126, 2.669236334, 2.7145690719999997, 2.691043603, 2.689281624, 2.688365373, 2.765729362, 2.7724972, 2.824085468], "mean": 2.7060207763, "median": 2.691043603}