{"elapsed_seconds": [0.389263799, 0.385791961, 0.375954515, 0.374681921, 0.376786365, 0.38928254, 0.379340515, 0.374752622, 0.378727053, 0.390844851], "mean": 0.38154261419999996, "median": 0.379340515}