{"elapsed_seconds": [0.039399433, 0.05477215, 0.055939449, 0.056460303, 0.054568933, 0.045996939, 0.048778625, 0.047517101, 0.05946855, 0.037109766], "mean": 0.050001124900000006, "median": 0.054568933}