{"elapsed_seconds": [6.66209828, 6.284051327, 7.654046897, 6.6694087, 7.8348278879999995, 8.185727526, 6.775735356, 8.912483505, 7.103903655, 7.97974808], "mean": 7.4062031214, "median": 7.654046897}