{"elapsed_seconds": [0.979197089, 1.011888739, 0.746578499, 0.804673302, 1.154284713, 1.320022968, 1.101888547, 1.117311659, 1.054780451, 0.732088164], "mean": 1.0022714131000001, "median": 1.054780451}