{"elapsed_seconds": [0.396002358, 0.396376584, 0.396140818, 0.396249857, 0.396573187, 0.398612257, 0.396601465, 0.397139015, 0.397443826, 0.398001761], "mean": 0.3969141128, "median": 0.396601465}