{"elapsed_seconds": [177.618302291, 178.760195522, 179.527960358, 179.738706782, 177.630458881, 179.142211532, 178.635052432, 175.812585538, 176.529428199, 178.638454182], "mean": 178.2033355717, "median": 178.638454182}