{"elapsed_seconds": [0.222312132, 0.227903763, 0.224547494, 0.226493748, 0.221201415, 0.221534848, 0.224738041, 0.226992652, 0.226846358, 0.219304299], "mean": 0.224187475, "median": 0.224738041}