{"elapsed_seconds": [6.45169083, 9.755329523, 9.358602195, 6.983851972, 8.862922568, 6.891152235, 7.801223713, 10.621294479, 8.158493362, 9.589229289], "mean": 8.447379016600001, "median": 8.862922568}