{"elapsed_seconds": [3.749667607, 3.742778173, 3.72046057, 3.694112316, 4.0523590800000004, 4.034032062, 3.910225797, 3.829139516, 3.891556572, 3.727766408], "mean": 3.8352098101000003, "median": 3.829139516}