{"elapsed_seconds": [195.818754662, 195.012389042, 193.206478485, 196.213635194, 195.562934308, 196.591310359, 195.348127276, 195.440544741, 196.020954218, 195.060948196], "mean": 195.4276076481, "median": 195.562934308}