{"elapsed_seconds": [55.884984848, 55.307265911, 56.226640587, 55.770690904, 54.81957932, 55.246419637, 55.418189739, 55.497654988, 55.889417379, 55.378127812], "mean": 55.543897112500005, "median": 55.497654988}