{"elapsed_seconds": [58.170107784, 58.619901374, 54.813745941, 60.982925612, 62.124056043, 47.536251778, 47.12596156, 45.37936841, 37.808964184, 47.472594145], "mean": 52.0033876831, "median": 54.813745941}