{"elapsed_seconds": [6.292656239, 5.839040803, 6.10920116, 5.705131448, 6.463165766, 5.728892742, 5.486415254, 5.263592794, 5.304429379, 5.219994621], "mean": 5.741252020599999, "median": 5.728892742}