{"elapsed_seconds": [151.30894698, 151.234088833, 151.728908297, 153.644694633, 152.108869418, 152.374204665, 152.578018072, 151.2917302, 151.722715748, 151.882652109], "mean": 151.9874828955, "median": 151.882652109}