{"elapsed_seconds": [0.197955085, 0.198960066, 0.200910022, 0.199381972, 0.198473144, 0.197921168, 0.198223613, 0.197892927, 0.198387861, 0.198080408], "mean": 0.1986186266, "median": 0.198387861}