{"elapsed_seconds": [7.793501064, 8.311940952, 8.579462519, 8.377997926, 7.977785233, 7.611726153, 7.848041922, 7.334274719, 7.942575732, 9.064736088], "mean": 8.084204230800001, "median": 7.977785233}