{"elapsed_seconds": [0.291058539, 0.268603507, 0.27042004, 0.235585308, 0.257891772, 0.280128678, 0.272266668, 0.302730835, 0.265909719, 0.229985584], "mean": 0.267458065, "median": 0.27042004}