{"elapsed_seconds": [0.074090976, 0.072839555, 0.066376324, 0.075727833, 0.069124417, 0.065899478, 0.075949014, 0.074167314, 0.07423627, 0.066340004], "mean": 0.07147511849999999, "median": 0.074090976}