{"elapsed_seconds": [147.284468577, 150.576550717, 163.93942805, 159.966885816, 147.895371114, 202.956868695, 142.672584821, 182.000005105, 156.696644789, 148.366374904], "mean": 160.23551825880003, "median": 156.696644789}