{"elapsed_seconds": [3.248748103, 3.050312445, 3.755841589, 2.945469377, 5.314030245, 4.758253626, 4.470927483, 3.81611121, 4.795130697, 5.13628292], "mean": 4.1291107694999996, "median": 4.470927483}