{"elapsed_seconds": [0.118268509, 0.130389046, 0.132502307, 0.13104745, 0.138378269, 0.111116801, 0.143035766, 0.136058206, 0.13785222, 0.142260881], "mean": 0.13209094550000003, "median": 0.136058206}