{"elapsed_seconds": [92.399191098, 90.78443278, 90.522228063, 90.939099755, 91.103772902, 90.872346272, 91.550680975, 91.044898558, 91.560135111, 91.58516271], "mean": 91.2361948224, "median": 91.103772902}