{"elapsed_seconds": [5.889425715, 5.866747629, 5.687127511, 5.230000151, 5.184700228, 4.977830832, 4.8601110389999995, 4.868185239, 4.929359128, 4.882232767], "mean": 5.237572023899999, "median": 5.184700228}