{"elapsed_seconds": [1.774757667, 1.87392738, 1.940041165, 2.033843532, 2.053016607, 2.047802808, 1.842268819, 1.795945371, 1.8196810829999999, 1.924253512], "mean": 1.9105537944000002, "median": 1.924253512}