{"elapsed_seconds": [87.88641807, 87.848993257, 87.736496192, 87.510211399, 87.485037252, 87.773763976, 87.761126089, 88.193576367, 87.510127967, 87.931092883], "mean": 87.7636843452, "median": 87.773763976}