{"elapsed_seconds": [8.885059027, 7.460023713, 6.96847671, 8.662029756, 8.152952783, 8.625200155, 8.861728768, 7.891924208, 7.381893983, 8.188808996], "mean": 8.1078098099, "median": 8.188808996}