{"elapsed_seconds": [201.848221868, 171.074433257, 164.895129427, 159.698459039, 164.263929299, 154.915238857, 173.005761033, 167.737885362, 161.463334547, 152.800400386], "mean": 167.1702793075, "median": 164.895129427}