{"elapsed_seconds": [24.693877909, 23.586811512, 25.036485703, 24.360193129, 25.223478548, 25.148196585, 24.893618285, 23.538894254, 25.6363227, 24.422278248], "mean": 24.6540156873, "median": 24.893618285}