{"elapsed_seconds": [0.024883454, 0.024871488, 0.024870424, 0.024810634, 0.024808316, 0.024821131, 0.024857911, 0.02485985, 0.024821679, 0.024823276], "mean": 0.024842816299999997, "median": 0.024857911}