{"elapsed_seconds": [135.358679314, 134.885716118, 134.814849294, 135.993711294, 135.708525947, 134.187126808, 134.88082251, 134.844315215, 134.886427654, 135.326822481], "mean": 135.0886996635, "median": 134.886427654}