{"elapsed_seconds": [100.666765119, 122.292242173, 108.63835376, 99.31787861, 104.656520158, 105.49861281, 95.882133969, 109.102861439, 100.2273888, 89.824201485], "mean": 103.61069583230001, "median": 104.656520158}