{"elapsed_seconds": [196.967594847, 195.889463262, 195.568264585, 192.748051506, 194.947248706, 195.946150975, 195.348627488, 195.379574971, 196.279524679, 196.283813814], "mean": 195.5358314833, "median": 195.889463262}