{"elapsed_seconds": [66.240118369, 66.868561978, 66.902042495, 67.1482954, 66.136373829, 67.101629617, 67.00888005, 66.999116971, 66.922106919, 66.508396873], "mean": 66.78355225010002, "median": 66.922106919}