{"elapsed_seconds": [0.398243497, 0.396945037, 0.396303539, 0.396827435, 0.396195882, 0.397192005, 0.396078757, 0.396192754, 0.396725449, 0.396347525], "mean": 0.396705188, "median": 0.396725449}