{"elapsed_seconds": [28.000814198, 27.091908801, 24.390732685, 24.786791845, 25.687073741, 19.84100198, 29.482977805, 27.61776139, 19.288177659, 18.253614317], "mean": 24.4440854421, "median": 25.687073741}