{"elapsed_seconds": [0.197431027, 0.197712429, 0.198589457, 0.200116486, 0.198730067, 0.198758172, 0.199796089, 0.198111162, 0.198404885, 0.197555758], "mean": 0.1985205532, "median": 0.198589457}