{"elapsed_seconds": [7.02683906, 6.279408907, 5.925440155, 5.168982259, 8.16004051, 7.673855064, 5.637457147, 7.251269857, 7.286953582, 4.886926236], "mean": 6.5297172777, "median": 7.02683906}