{"elapsed_seconds": [1.128323864, 1.318500292, 1.110080212, 1.4636968989999999, 1.5743144500000001, 1.5137766639999999, 1.806255229, 1.7666537519999999, 0.803520753, 1.4288577390000001], "mean": 1.3913979854, "median": 1.4636968989999999}