{"elapsed_seconds": [2.471497952, 2.424626817, 2.175151394, 2.209010329, 1.4963541249999999, 1.2652332419999999, 1.196133821, 1.865111529, 2.241695488, 1.691174909], "mean": 1.9035989606000001, "median": 2.175151394}