{"elapsed_seconds": [0.617306369, 0.618645772, 0.620934802, 0.641454436, 0.618949134, 0.62576967, 0.625011339, 0.64651614, 0.627316894, 0.624781527], "mean": 0.6266686082999999, "median": 0.625011339}