{"elapsed_seconds": [0.006625959, 0.005106334, 0.005488212, 0.005494352, 0.005372707, 0.005185921, 0.006700778, 0.005760245, 0.005738278, 0.006197534], "mean": 0.005767032, "median": 0.005738278}