{"elapsed_seconds": [7.812168816, 5.319232821, 4.500320854, 3.805722489, 6.165227883, 5.510313903, 3.378947093, 4.112551812, 6.007506427, 5.066833886], "mean": 5.1678825984, "median": 5.319232821}