{"elapsed_seconds": [0.0222339, 0.026023445, 0.025264501, 0.022508761, 0.022195652, 0.025656824, 0.030243555, 0.023993073, 0.02542198, 0.022600963], "mean": 0.0246142654, "median": 0.025264501}