{"elapsed_seconds": [125.573926275, 152.76037307, 104.955500982, 101.3553373, 106.89240131, 110.96919563, 101.642334976, 114.230607997, 113.902533032, 90.877581489], "mean": 112.3159792061, "median": 110.96919563}