{"elapsed_seconds": [0.08029751, 0.080032018, 0.080241391, 0.080299014, 0.080121528, 0.08014278, 0.080310543, 0.080427248, 0.080208147, 0.080164223], "mean": 0.0802244402, "median": 0.080241391}