{"elapsed_seconds": [137.48927279, 138.277284038, 138.963544694, 146.653951852, 130.947641131, 128.63124084, 118.044791202, 132.792678667, 144.533779703, 141.441034117], "mean": 135.77752190340001, "median": 138.277284038}