{"elapsed_seconds": [33.185311077, 40.037170338, 31.594729281, 31.578063585, 41.337885506, 28.09902235, 26.15813719, 31.831801732, 35.328516073, 38.957084415], "mean": 33.8107721547, "median": 33.185311077}