{"elapsed_seconds": [77.975613804, 78.470066973, 78.021973297, 77.533424566, 77.509293998, 77.027602948, 77.538735371, 77.205029756, 78.080447051, 77.148996889], "mean": 77.65111846530002, "median": 77.538735371}