{"elapsed_seconds": [0.965970069, 0.960327773, 0.967436664, 0.973978199, 0.974301112, 0.977663212, 0.973343745, 0.977610061, 0.978238852, 0.97827835], "mean": 0.9727148037, "median": 0.974301112}