{"elapsed_seconds": [0.692237136, 0.690567817, 0.691473974, 0.691952073, 0.69149989, 0.690036482, 0.69141012, 0.690446175, 0.690382146, 0.690988232], "mean": 0.6910994044999998, "median": 0.69141012}