{"elapsed_seconds": [55.406283115, 56.032131046, 54.479031754, 55.158397064, 54.508987307, 55.248050709, 54.863155882, 54.880888581, 55.767761102, 54.833113369], "mean": 55.1177799929, "median": 55.158397064}