{"elapsed_seconds": [15.266853413, 16.320246692, 16.224757536, 15.377719716, 15.777239154, 15.995278687999999, 15.906697859, 15.014482489, 15.506332555, 16.398535303], "mean": 15.7788143405, "median": 15.906697859}