{"elapsed_seconds": [205.545892725, 208.699419813, 206.046993422, 203.506398592, 204.587879609, 203.761066338, 204.872342562, 204.363340625, 205.27613501, 207.162913852], "mean": 205.38223825480003, "median": 205.27613501}