{"elapsed_seconds": [0.025120914, 0.025130617, 0.025086438, 0.025134129, 0.025063909, 0.025141544, 0.025097368, 0.02514914, 0.025127528, 0.025175858], "mean": 0.0251227445, "median": 0.025130617}