{"elapsed_seconds": [16.256647086, 15.577264655, 15.805771455, 15.431643746, 16.126463916, 16.299349476, 16.252512044, 15.932572881, 16.436691036, 16.297137841], "mean": 16.0416054136, "median": 16.252512044}