{"elapsed_seconds": [83.142324222, 82.98401327, 76.840136756, 78.680099413, 95.712786296, 111.159881033, 78.546904454, 85.905531401, 87.766510561, 79.831661318], "mean": 86.0569848724, "median": 83.142324222}