{"elapsed_seconds": [87.881023722, 88.093625184, 88.676454438, 87.63751242, 87.433541915, 88.003248134, 87.417750228, 87.783071031, 88.228594906, 87.414204734], "mean": 87.8569026712, "median": 87.881023722}