{"elapsed_seconds": [0.017259644, 0.013403207, 0.016911022, 0.015342564, 0.016632589, 0.013155395, 0.015185387, 0.014829304, 0.016544741, 0.015345931], "mean": 0.0154609784, "median": 0.015345931}