{"elapsed_seconds": [0.108888125, 0.110222433, 0.110789895, 0.107711942, 0.109389112, 0.11182304, 0.109355949, 0.111904297, 0.111053067, 0.111021887], "mean": 0.1102159747, "median": 0.110789895}