{"elapsed_seconds": [1.804081508, 1.82833187, 1.765116527, 1.7804735489999999, 1.780188154, 1.7943561529999998, 1.792441577, 1.777459659, 1.760447062, 1.779696735], "mean": 1.7862592794, "median": 1.7804735489999999}