{"elapsed_seconds": [11.803784467, 12.275409316, 12.611218089, 11.987151324, 11.71146374, 11.515654526, 10.771033423, 10.839159731, 12.103978938, 12.703321228], "mean": 11.832217478199999, "median": 11.987151324}