{"elapsed_seconds": [0.003208038, 0.003852551, 0.003927072, 0.003538898, 0.003067523, 0.003901451, 0.003827588, 0.003694965, 0.003493539, 0.003767365], "mean": 0.0036278990000000004, "median": 0.003767365}