{"elapsed_seconds": [0.04616518, 0.046156247, 0.046135032, 0.046623442, 0.046522116, 0.046328899, 0.046101402, 0.046770053, 0.047062688, 0.046152386], "mean": 0.046401744499999995, "median": 0.046328899}