{"elapsed_seconds": [7.254413433, 12.103514912, 6.12960295, 11.297063311, 10.989446634, 8.306960538, 10.364034693, 7.614906338, 7.667254306, 5.9063959409999995], "mean": 8.763359305600002, "median": 8.306960538}