{"elapsed_seconds": [32.750246883, 30.14058139, 31.337492104, 31.986547858, 30.309346425, 31.217910589, 31.297027798, 31.513779602, 30.704245316, 31.282225192], "mean": 31.253940315700003, "median": 31.297027798}