{"elapsed_seconds": [0.398574442, 0.370661926, 0.478469051, 0.479129897, 0.489684111, 0.433886873, 0.434387588, 0.421031736, 0.367256684, 0.41538067], "mean": 0.4288462978, "median": 0.433886873}