{"elapsed_seconds": [20.692150488, 20.989954118, 21.38375895, 21.342021908, 19.519663033, 21.771248697, 21.105998052, 20.499834337, 20.829721188, 22.022593192], "mean": 21.0156943963, "median": 21.105998052}