{"elapsed_seconds": [1.916283681, 2.19764059, 1.765976797, 1.749102303, 2.088301553, 1.9415224580000001, 1.131371312, 1.3352075939999999, 1.440936691, 1.6350250979999998], "mean": 1.7201368077, "median": 1.765976797}