{"elapsed_seconds": [72.006731929, 70.195189487, 63.895470642, 62.153412203, 61.992220736, 52.751742011, 53.220745847, 56.603042021, 51.367575, 58.499634769], "mean": 60.26857646449999, "median": 61.992220736}