{"elapsed_seconds": [3.752333465, 3.63195104, 3.767805586, 3.690835967, 3.681726451, 3.814978228, 3.617033765, 3.693557524, 3.881093576, 3.860222574], "mean": 3.7391538175999997, "median": 3.752333465}