{"elapsed_seconds": [0.002411178, 0.002633233, 0.002426933, 0.002531381, 0.002419171, 0.002177904, 0.002249751, 0.002283327, 0.002540495, 0.0023691], "mean": 0.0024042472999999996, "median": 0.002419171}