{"elapsed_seconds": [150.6972744, 150.651607732, 151.073025346, 150.099698496, 149.977723939, 150.167053355, 149.691001959, 149.441262992, 150.39439553, 149.829550594], "mean": 150.2022594343, "median": 150.167053355}