{"elapsed_seconds": [0.057381548, 0.047575215, 0.045259629, 0.057458045, 0.060253037, 0.055207439, 0.044240416, 0.04893956, 0.051739417, 0.044632531], "mean": 0.0512686837, "median": 0.051739417}