{"elapsed_seconds": [0.002405494, 0.002401988, 0.002394013, 0.002411841, 0.002398392, 0.00241767, 0.00240268, 0.002398642, 0.002398723, 0.002398966], "mean": 0.0024028408999999997, "median": 0.002401988}