{"elapsed_seconds": [0.58671991, 0.546170653, 0.616384944, 0.615088873, 0.980513248, 1.012899283, 1.4708684459999999, 1.216574145, 0.808782475, 0.899287886], "mean": 0.8753289863000001, "median": 0.899287886}