{"elapsed_seconds": [6.498299688, 4.173092048, 4.4487825260000005, 8.431251104, 5.328573283, 5.732102237, 4.914718036, 6.318313643, 6.020040491, 5.274276714], "mean": 5.713944977000001, "median": 5.732102237}