{"elapsed_seconds": [0.015764262, 0.015432811, 0.015446247, 0.015420472, 0.015432668, 0.01544359, 0.015415549, 0.015425743, 0.015404088, 0.015446334], "mean": 0.0154631764, "median": 0.015432811}