{"elapsed_seconds": [78.457449026, 78.392490559, 78.190928627, 77.945921349, 77.134970099, 77.876547889, 77.896640983, 78.113594999, 77.769870248, 78.086691744], "mean": 77.9865105523, "median": 78.086691744}