{"elapsed_seconds": [0.191243497, 0.230378764, 0.189839479, 0.232480132, 0.270917681, 0.230956252, 0.233926364, 0.220414329, 0.209598742, 0.209335512], "mean": 0.2219090752, "median": 0.230378764}