{"elapsed_seconds": [4.642877214, 4.562945349, 4.345362689, 3.634699151, 3.894377628, 4.897450672, 4.542210622, 4.649884805, 4.126743455, 3.6863869989999998], "mean": 4.2982938584, "median": 4.542210622}