{"elapsed_seconds": [2.765499728, 2.709436294, 2.649369097, 2.61713908, 2.593608891, 2.618560793, 2.592553278, 2.581183478, 2.686795097, 2.680268998], "mean": 2.6494414734, "median": 2.649369097}