{"elapsed_seconds": [66.524233477, 66.230726208, 65.539852334, 66.645378665, 66.780802066, 66.718101206, 66.869895652, 66.606000916, 66.875913161, 66.884133811], "mean": 66.5675037496, "median": 66.718101206}