{"elapsed_seconds": [2.607717459, 2.745292362, 2.514160203, 2.560659597, 2.585473316, 2.831651253, 3.096169403, 3.083439033, 2.7816739999999998, 3.057943496], "mean": 2.7864180122, "median": 2.7816739999999998}