{"elapsed_seconds": [34.666075507, 28.247175716, 28.136842959, 20.700049526, 27.535473459, 30.395658317, 32.402881374, 31.270806307, 43.791386718, 33.612656459], "mean": 31.075900634200003, "median": 31.270806307}