{"elapsed_seconds": [46.509695898, 50.543147708, 56.715377892, 52.239667214, 41.149645343, 38.368138653, 44.892943907, 36.773748321, 45.385417022, 44.277365581], "mean": 45.685514753899994, "median": 45.385417022}