{"elapsed_seconds": [0.194200462, 0.219199658, 0.163461211, 0.176737277, 0.183158103, 0.185447071, 0.159976854, 0.170609675, 0.166965008, 0.172597955], "mean": 0.17923532739999998, "median": 0.176737277}