{"elapsed_seconds": [19.718182359, 20.03580594, 20.192242914, 22.145032961, 20.24161898, 18.694368159, 18.59556431, 18.405038488, 19.353383607, 20.347530621], "mean": 19.772876833900003, "median": 20.03580594}