{"elapsed_seconds": [0.36486459, 0.345139933, 0.325009944, 0.285182308, 0.335852366, 0.373921051, 0.332400515, 0.345174718, 0.340037637, 0.31429528], "mean": 0.33618783420000004, "median": 0.340037637}