{"elapsed_seconds": [31.333670538, 31.530813699, 31.493411412, 30.93517568, 31.879611745, 31.888222409, 30.702150496, 31.862326117, 31.346194832, 30.313265672], "mean": 31.32848426, "median": 31.493411412}