{"elapsed_seconds": [47.768109019, 48.74829299, 48.480268329, 48.346543882, 49.494683004, 48.998082691, 49.177249961, 48.436558606, 49.486591767, 48.0537233], "mean": 48.6990103549, "median": 48.74829299}