{"elapsed_seconds": [1.807543439, 1.7678926769999999, 1.760285851, 1.7706858250000002, 1.75277003, 1.779274131, 1.8131693420000001, 1.8008791579999999, 1.767403515, 1.758443925], "mean": 1.7778347893000004, "median": 1.7706858250000002}