{"elapsed_seconds": [12.666528543, 13.570811147, 13.517569594, 11.180758012, 11.150437785, 10.564954474, 11.614384095, 10.528897441, 11.743092133, 15.017752977], "mean": 12.1555186201, "median": 11.743092133}