{"elapsed_seconds": [1.203864878, 1.146624278, 1.150805879, 1.156204408, 1.1516391129999999, 1.155758522, 1.169592581, 1.154452179, 1.156798342, 1.149216953], "mean": 1.1594957133, "median": 1.155758522}