{"elapsed_seconds": [0.084263941, 0.084745415, 0.086873403, 0.10375526, 0.101194668, 0.092473838, 0.082441161, 0.100479386, 0.103953415, 0.101226347], "mean": 0.0941406834, "median": 0.100479386}