{"elapsed_seconds": [2.909347748, 2.111351891, 3.140990129, 4.606588421, 3.728894439, 2.772690116, 2.173417764, 2.530887811, 3.596732239, 3.252117413], "mean": 3.0823017971000004, "median": 3.140990129}