{"elapsed_seconds": [8.509147702, 8.887231686, 8.444986377, 8.385955805, 7.395591815, 7.364906866, 7.476387677, 8.566600856, 8.383976515, 8.04540378], "mean": 8.1460189079, "median": 8.385955805}