{"elapsed_seconds": [209.423628059, 210.125124683, 209.294940993, 206.847969382, 206.046486405, 203.721497241, 206.837687484, 210.217862397, 210.295343985, 204.492278589], "mean": 207.73028192179999, "median": 209.294940993}