{"elapsed_seconds": [40.579046405, 40.784662737, 39.640068519, 41.253493238, 39.462744695, 39.996482996, 40.329182991, 38.893149932, 40.524956164, 38.849167046], "mean": 40.031295472299995, "median": 40.329182991}