{"elapsed_seconds": [0.080508155, 0.080828862, 0.08080711, 0.081375522, 0.080535036, 0.080715985, 0.081044599, 0.081201715, 0.080853037, 0.080850812], "mean": 0.0808720833, "median": 0.080850812}