{"elapsed_seconds": [114.389434567, 114.131090993, 114.840973298, 114.861007452, 114.413188389, 114.561770275, 115.348956265, 114.690074778, 114.363337075, 114.072760922], "mean": 114.56725940139998, "median": 114.561770275}