{"elapsed_seconds": [0.003644989, 0.003627203, 0.003642388, 0.00365579, 0.003608925, 0.003671967, 0.003632317, 0.003640237, 0.003633123, 0.003630252], "mean": 0.0036387191, "median": 0.003640237}