{"elapsed_seconds": [20.581069541, 20.491950415, 22.712429565, 21.963966555, 19.913329123, 20.177764907, 21.558571859, 21.718270846, 20.925103967, 19.557208503], "mean": 20.959966528099997, "median": 20.925103967}