{"elapsed_seconds": [1.16345082, 1.140852854, 1.155879423, 1.149886926, 1.159252091, 1.144474384, 1.14515367, 1.148045957, 1.152522231, 1.166413441], "mean": 1.1525931797, "median": 1.152522231}