{"elapsed_seconds": [0.690612646, 0.690966573, 0.689963834, 0.690449179, 0.690691261, 0.691494233, 0.68885704, 0.68946841, 0.690018606, 0.691006479], "mean": 0.6903528261, "median": 0.690612646}