{"elapsed_seconds": [39.553277615, 39.357356766, 40.187635113, 39.618899066, 41.307455131, 37.845043277, 41.808181437, 38.738238735, 41.21479038, 38.174231993], "mean": 39.780510951299995, "median": 39.618899066}