{"elapsed_seconds": [1.563879595, 1.572212564, 1.571674882, 1.593006254, 1.611380952, 1.475605411, 1.618990141, 1.5688754, 1.6358271869999998, 1.653862132], "mean": 1.5865314518, "median": 1.593006254}