{"elapsed_seconds": [0.026633149, 0.02691326, 0.026613717, 0.026632482, 0.026580966, 0.02656909, 0.026644193, 0.026654063, 0.026637722, 0.026661555], "mean": 0.026654019699999996, "median": 0.026637722}