{"elapsed_seconds": [0.318908544, 0.325284574, 0.320621626, 0.32020904, 0.315260872, 0.317298622, 0.320316639, 0.323532543, 0.317927728, 0.315268933], "mean": 0.3194629121, "median": 0.32020904}