{"elapsed_seconds": [1.7756069540000001, 1.7730167620000001, 1.771713735, 1.7824633319999998, 1.771153565, 1.786363812, 1.7702824270000002, 1.7676771420000001, 1.758091356, 1.75345913], "mean": 1.7709828214999999, "median": 1.771713735}