{"elapsed_seconds": [2.973116305, 2.925425982, 3.002901808, 3.102746075, 3.077525193, 3.038695814, 3.052408637, 2.936757709, 2.951618959, 2.93985369], "mean": 3.0001050172, "median": 3.002901808}