{"elapsed_seconds": [24.035596398, 23.813890631, 24.087429287, 24.065073219, 24.256915161, 24.104537563, 24.030975582, 23.718007385, 23.986264218, 23.908131302], "mean": 24.0006820746, "median": 24.035596398}