{"elapsed_seconds": [8.017148352, 7.864975486, 7.779487008, 7.73426107, 7.848739127, 8.091400482, 8.086656584, 7.771641397, 7.974853317, 7.833823077], "mean": 7.90029859, "median": 7.864975486}