{"elapsed_seconds": [0.153000065, 0.159481585, 0.151946409, 0.160715548, 0.153259266, 0.160981008, 0.15877784, 0.156600418, 0.152597745, 0.153195021], "mean": 0.1560554905, "median": 0.156600418}