{"elapsed_seconds": [0.023656218, 0.019695221, 0.020120266, 0.019685945, 0.019985871, 0.028102532, 0.028238749, 0.03096183, 0.02533032, 0.03076133], "mean": 0.0246538282, "median": 0.02533032}