{"elapsed_seconds": [0.021792168, 0.021742718, 0.021703373, 0.021762651, 0.021783857, 0.024832283, 0.021763186, 0.021754999, 0.021803278, 0.021791184], "mean": 0.0220729697, "median": 0.021783857}