{"elapsed_seconds": [22.474869491, 22.981846855, 22.867802914, 22.595434818, 22.819430991, 23.205332915, 22.883361064, 22.598484249, 23.214640907, 23.124788563], "mean": 22.8765992767, "median": 22.883361064}