{"elapsed_seconds": [1.501704669, 1.502799843, 1.505362401, 1.48885012, 1.501271618, 1.499684196, 1.501424016, 1.508235058, 1.496321128, 1.5077495330000001], "mean": 1.5013402582000002, "median": 1.501704669}