{"elapsed_seconds": [22.779245993, 23.158555034, 23.051290165, 23.074095378, 22.866255531, 23.242590888, 22.994483067, 23.190693469, 23.056961878, 23.161048429], "mean": 23.0575219832, "median": 23.074095378}