{"elapsed_seconds": [13.214697034, 13.238079693, 13.202478377, 13.266035245, 13.280503708, 13.124209084, 13.155727126, 13.250152287, 13.28999619, 13.243356023], "mean": 13.2265234767, "median": 13.243356023}