{"elapsed_seconds": [6.528375569, 6.595640572, 6.600559657, 6.337861683, 6.609053021, 6.692570269, 6.72640844, 6.668142406, 6.432060267, 6.443918688], "mean": 6.563459057199999, "median": 6.600559657}