{"elapsed_seconds": [10.308112709, 10.422261825, 10.729661196, 10.779544817, 10.704169471, 10.850958554, 10.691030744, 10.605432726, 10.416256544, 10.826319101], "mean": 10.6333747687, "median": 10.704169471}