{"elapsed_seconds": [12.062442235, 12.190410452, 12.189525692, 12.403235956, 12.444739386, 12.095609184, 11.837343677, 12.046367388, 12.039979099, 12.357569747], "mean": 12.1667222816, "median": 12.189525692}