{"elapsed_seconds": [0.064991231, 0.065393484, 0.064734575, 0.064707023, 0.064815875, 0.065215252, 0.065024761, 0.064969717, 0.06548522, 0.065384393], "mean": 0.0650721531, "median": 0.065024761}