{"elapsed_seconds": [5.574502657, 5.570465197, 5.646265658, 5.595023844, 5.5865681259999995, 5.563393098, 5.576830962, 5.572728625, 5.635907996, 5.574143487], "mean": 5.589582965000001, "median": 5.576830962}