{"elapsed_seconds": [17.06813677, 17.530844087, 17.155659341, 17.337101496, 16.939049914, 17.279100208, 17.191268827, 17.091345, 16.976472731, 17.414291955], "mean": 17.198327032900004, "median": 17.191268827}