{"elapsed_seconds": [1.5998161340000001, 1.600807703, 1.601115394, 1.594147773, 1.602077322, 1.598758797, 1.600475623, 1.59939103, 1.592696605, 1.5958839999999999], "mean": 1.5985170381, "median": 1.5998161340000001}