{"elapsed_seconds": [13.817129932, 13.768855538, 13.76507335, 13.737960209, 13.779785125, 13.728330866, 13.812970569, 13.694142435, 13.742483114, 13.737345486], "mean": 13.7584076624, "median": 13.76507335}