{"elapsed_seconds": [0.044738107, 0.044897165, 0.056865767, 0.044898489, 0.047048036, 0.044896998, 0.044871151, 0.044863049, 0.044947083, 0.044858308], "mean": 0.0462884153, "median": 0.044897165}