{"elapsed_seconds": [5.972570355, 5.921462497, 5.92202094, 5.872306047, 5.924919162, 5.906636726, 5.933378703, 5.910874771, 5.91646277, 5.933471158], "mean": 5.921410312900001, "median": 5.92202094}