{"elapsed_seconds": [19.120531921, 19.912792514, 19.661242116, 19.096754491, 19.359372812, 19.664174452, 19.587318612, 18.761790092, 19.627691834, 19.776076101], "mean": 19.4567744945, "median": 19.627691834}