{"elapsed_seconds": [27.380881115, 26.968321889, 27.123539115, 26.989917029, 27.346740937, 27.033370044, 27.141773648, 27.211196334, 27.066924194, 27.495725233], "mean": 27.175838953799996, "median": 27.141773648}