{"elapsed_seconds": [0.762425614, 0.764699535, 0.762717827, 0.765167449, 0.762472955, 0.764462242, 0.768317804, 0.763061379, 0.766029513, 0.76465482], "mean": 0.7644009138, "median": 0.76465482}