{"elapsed_seconds": [1.020457284, 1.021902731, 1.021663077, 1.019805981, 1.0222006829999999, 1.017776973, 1.016335992, 1.021536074, 1.016870485, 1.022575232], "mean": 1.0201124512, "median": 1.021536074}