{"elapsed_seconds": [0.71280059, 0.697291482, 0.690128559, 0.692369168, 0.710165657, 0.684623962, 0.694584235, 0.70930792, 0.672058281, 0.697959152], "mean": 0.6961289006, "median": 0.697291482}