{"elapsed_seconds": [7.254119089, 7.280520803, 7.258472642, 7.271629523, 7.267426715, 7.260462779, 7.244529299, 7.206036465, 7.277815258, 7.18557376], "mean": 7.2506586333000005, "median": 7.260462779}