{"elapsed_seconds": [4.323332546, 4.339287128, 4.314637763, 4.3665064860000005, 4.335984464, 4.35529987, 4.318343899, 4.403049839, 4.337565981, 4.338049574], "mean": 4.343205755, "median": 4.338049574}