{"elapsed_seconds": [2.700494004, 2.684610404, 2.708676047, 2.688459775, 2.763505417, 2.779710097, 2.741539326, 2.928572047, 2.854384052, 2.805776569], "mean": 2.7655727737999998, "median": 2.763505417}