{"elapsed_seconds": [10.114345336, 9.879547937, 9.823025623, 10.508228408, 10.537318377, 10.307082258, 10.243494731, 9.96076499, 9.803155772, 10.169422365], "mean": 10.134638579699999, "median": 10.169422365}