{"elapsed_seconds": [0.000987883, 0.000975379, 0.00098828, 0.000998467, 0.000987667, 0.00099124, 0.000995894, 0.000984431, 0.000987156, 0.000987869], "mean": 0.0009884266000000001, "median": 0.000987883}