{"elapsed_seconds": [27.543971863, 26.970118795, 27.177085088, 27.225670945, 26.879435258, 27.013396968, 26.943310508, 26.81866026, 27.473880739, 26.666281306], "mean": 27.071181172999996, "median": 27.013396968}