{"elapsed_seconds": [6.428577395, 6.391214023, 6.454228733, 6.5179609020000004, 6.560423067, 6.735316298, 6.651051253, 6.542460053, 6.6739201470000005, 6.478384573], "mean": 6.5433536444, "median": 6.542460053}