{"elapsed_seconds": [4.72993652, 4.576052388, 4.64110436, 4.406204276, 4.514942177, 4.495529972, 4.551696114, 4.5521799640000005, 4.6449498590000005, 4.52110609], "mean": 4.563370172000001, "median": 4.5521799640000005}