{"elapsed_seconds": [0.005869219, 0.005893169, 0.005850634, 0.005872635, 0.005878679, 0.005856836, 0.005870186, 0.005866532, 0.005882697, 0.005894124], "mean": 0.0058734711, "median": 0.005872635}