{"elapsed_seconds": [3.7673590839999997, 3.765837003, 3.757026727, 3.744381056, 3.756874044, 3.799846326, 3.770644861, 3.752968725, 3.782147283, 3.784559254], "mean": 3.7681644362999998, "median": 3.7673590839999997}