{"elapsed_seconds": [9.070882017, 9.0917218, 9.12918297, 9.16497641, 9.07232873, 9.061586666, 9.06841922, 9.088759901, 9.115895565, 9.091055696], "mean": 9.0954808975, "median": 9.091055696}