{"elapsed_seconds": [2.20882286, 2.224560236, 2.200379916, 2.208082275, 2.212085827, 2.214860385, 2.193029066, 2.207555019, 2.211076458, 2.207477693], "mean": 2.2087929735000005, "median": 2.20882286}