{"elapsed_seconds": [7.852261014, 8.029562718, 7.932649337, 7.914042121, 7.958094118, 8.076278675, 8.170510277, 7.794399809, 7.620039844, 7.755976671], "mean": 7.910381458399999, "median": 7.932649337}