{"elapsed_seconds": [16.586875207, 16.562871549, 17.162635307, 17.683566788, 16.940763693, 16.534166345, 17.028385139, 17.31529963, 16.942524491, 16.496131294], "mean": 16.925321944300002, "median": 16.942524491}