{"elapsed_seconds": [2.427011689, 2.410573286, 2.413442433, 2.41529618, 2.404240451, 2.421396038, 2.407361286, 2.417122238, 2.437969905, 2.412268295], "mean": 2.4166681801000003, "median": 2.41529618}