{"elapsed_seconds": [0.161876925, 0.161620035, 0.161719006, 0.160981719, 0.161070579, 0.163641666, 0.161439429, 0.163353115, 0.162781139, 0.162951579], "mean": 0.1621435192, "median": 0.161876925}