{"elapsed_seconds": [1.069999698, 1.046884959, 0.995425597, 1.022546004, 1.060845204, 1.046337165, 1.024908863, 1.002377564, 1.001874684, 1.0359720079999999], "mean": 1.0307171746000001, "median": 1.0359720079999999}