{"elapsed_seconds": [6.214574554, 6.221604992, 6.254147055, 6.209446551, 6.187287544, 6.277262481, 6.257188893, 6.244605669, 6.272424332, 6.24420652], "mean": 6.2382748591, "median": 6.244605669}