{"elapsed_seconds": [0.89903938, 0.898376153, 0.922248803, 0.939814284, 0.951746656, 0.951730444, 0.893440909, 0.88063583, 0.902470966, 0.913190902], "mean": 0.9152694326999999, "median": 0.913190902}