{"elapsed_seconds": [0.988218545, 1.019191247, 1.000189673, 1.033142202, 1.033770737, 1.043781361, 1.029672385, 1.041414189, 1.029302992, 1.0658975370000001], "mean": 1.0284580868, "median": 1.033142202}