{"elapsed_seconds": [10.613240334, 10.837925743, 10.824086024, 10.697651594, 10.80748562, 10.494871168, 11.066262868, 10.959839589, 10.77707159, 10.62753422], "mean": 10.770596874999999, "median": 10.80748562}