{"elapsed_seconds": [2.972812468, 2.981947838, 2.967779861, 2.960679899, 2.948358552, 2.97206489, 2.977992134, 2.940692593, 2.948584514, 2.9370327019999998], "mean": 2.9607945451, "median": 2.967779861}