{"elapsed_seconds": [0.038662283, 0.03847451, 0.03868528, 0.038590557, 0.038734349, 0.038633264, 0.038557538, 0.038615205, 0.038637147, 0.038798576], "mean": 0.0386388709, "median": 0.038637147}