{"elapsed_seconds": [5.282175563, 5.254467954, 5.243327164, 5.233055803, 5.260798791, 5.24696692, 5.227563795, 5.258170127, 5.269293009, 5.261248576], "mean": 5.2537067702, "median": 5.258170127}