{"elapsed_seconds": [0.904606151, 0.905346795, 0.895592955, 0.892526759, 0.894770712, 0.8984985, 0.896718124, 0.906068505, 0.901140156, 0.898580799], "mean": 0.8993849455999999, "median": 0.898580799}