{"elapsed_seconds": [3.998367403, 4.012463741, 3.973379318, 4.057957593, 3.983037297, 3.90015061, 3.992428567, 3.993752304, 3.896502017, 3.973515923], "mean": 3.9781554773000005, "median": 3.992428567}