{"elapsed_seconds": [1.67861181, 1.676178178, 1.675909949, 1.6755305520000001, 1.6790454000000001, 1.688385243, 1.670668595, 1.66942907, 1.671648565, 1.6995814299999998], "mean": 1.6784988792, "median": 1.676178178}