{"elapsed_seconds": [0.91141381, 0.873614016, 0.889137411, 0.889706288, 0.892291649, 0.892211404, 0.887703951, 0.885699723, 0.845433439, 0.955273584], "mean": 0.8922485274999999, "median": 0.889706288}