{"elapsed_seconds": [0.212142041, 0.211382221, 0.212492077, 0.215996321, 0.210726506, 0.214815266, 0.210444415, 0.209996411, 0.20801366, 0.211981344], "mean": 0.21179902620000002, "median": 0.211981344}