{"elapsed_seconds": [4.575371716, 4.585552625, 4.608630331, 4.506802896, 4.593341365, 4.568951875, 4.62216638, 4.454298752, 4.500721859, 4.528622156], "mean": 4.5544459955, "median": 4.575371716}