{"elapsed_seconds": [11.929012978, 11.907472338, 12.126379471, 12.038839554, 11.923046362000001, 11.929028377, 12.182321482, 11.819727313, 11.981732588, 12.315782945], "mean": 12.015334340799999, "median": 11.981732588}