{"elapsed_seconds": [0.221122318, 0.221505579, 0.220958869, 0.221539019, 0.22248967, 0.222969592, 0.221005024, 0.222229945, 0.225190303, 0.219632913], "mean": 0.22186432320000002, "median": 0.221539019}