{"elapsed_seconds": [0.007388422, 0.006868982, 0.015231461, 0.014042733, 0.013307383, 0.013681466, 0.007113552, 0.007082723, 0.006992018, 0.007186008], "mean": 0.009889474799999999, "median": 0.007388422}