{"elapsed_seconds": [15.234376592, 15.508748521, 15.672159564, 15.516064588, 15.168746088, 15.182970832, 15.444413876, 15.511615629, 15.108692893, 14.999007085], "mean": 15.3346795668, "median": 15.444413876}