{"elapsed_seconds": [0.006779957, 0.006759993, 0.006743916, 0.006736291, 0.006774097, 0.006776139, 0.006734976, 0.006805481, 0.006788717, 0.006765333], "mean": 0.00676649, "median": 0.006774097}