{"elapsed_seconds": [11.778708489, 11.811565059, 11.716408092, 11.732952613, 11.735857302, 11.642265243, 11.680351602, 11.824432959, 11.749199951, 11.653234861], "mean": 11.7324976171, "median": 11.735857302}