{"elapsed_seconds": [0.739481124, 0.733043148, 0.742216657, 0.74619231, 0.741512051, 0.73383647, 0.737994873, 0.744611939, 0.735581891, 0.73641563], "mean": 0.7390886093, "median": 0.739481124}