{"elapsed_seconds": [2.344186145, 2.335878384, 2.346301253, 2.337303365, 2.34623557, 2.345417632, 2.35182713, 2.337549002, 2.384413738, 2.332724391], "mean": 2.346183661, "median": 2.345417632}