{"elapsed_seconds": [0.596233143, 0.587838893, 0.598590156, 0.592707355, 0.596211881, 0.586608261, 0.596833214, 0.593237754, 0.587591756, 0.589340201], "mean": 0.5925192613999999, "median": 0.593237754}