{"elapsed_seconds": [14.385832704, 14.307567626, 14.247378524, 14.243343353, 14.312667362, 14.483844101, 14.325668371, 14.251714537, 14.456984808, 14.195203437], "mean": 14.3210204823, "median": 14.312667362}