{"elapsed_seconds": [4.629744669, 4.636703114, 4.659050573, 4.641899996, 4.633133754, 4.643120112, 4.656584965, 4.64019984, 4.625573149, 4.653640799], "mean": 4.6419650971, "median": 4.641899996}