{"elapsed_seconds": [9.017010932, 9.082683049, 9.083049878, 9.138035921, 9.0582498, 9.061157838, 9.111178749, 9.026779094, 9.009400889, 9.056786115], "mean": 9.0644332265, "median": 9.061157838}