{"elapsed_seconds": [7.318436533, 7.282512782, 7.31178333, 7.351659978, 7.346690439, 7.305912605, 7.204138439, 7.028423109, 7.270532128, 7.533654752], "mean": 7.295374409500002, "median": 7.31178333}