{"elapsed_seconds": [0.003030489, 0.003032402, 0.003048877, 0.003029158, 0.003050802, 0.003035151, 0.003047439, 0.003040004, 0.003056587, 0.003024834], "mean": 0.0030395743, "median": 0.003040004}