{"elapsed_seconds": [6.58139946, 6.58280783, 6.700922342, 6.58394949, 6.672385512, 6.597286947, 6.594899751, 6.65420662, 6.673778512, 6.603088358], "mean": 6.6244724822, "median": 6.603088358}