{"elapsed_seconds": [8.599069714, 8.633379175, 8.621633706, 8.671561663, 8.642981094, 8.561388386, 8.581654226, 8.568240904, 8.604654194, 8.588135017], "mean": 8.6072698079, "median": 8.604654194}