{"elapsed_seconds": [4.969598896, 5.023599744, 4.855015983, 4.843115141, 4.872386153, 4.8192186360000004, 4.817438021, 4.949316898, 5.185659076, 5.162120048], "mean": 4.9497468596, "median": 4.949316898}