{"elapsed_seconds": [0.064556445, 0.064865793, 0.064496375, 0.064714895, 0.064614516, 0.064569798, 0.064409031, 0.064673864, 0.064711721, 0.065111943], "mean": 0.06467243810000001, "median": 0.064673864}