{"elapsed_seconds": [0.009284468, 0.009345904, 0.009307964, 0.009313537, 0.009307835, 0.00932666, 0.009309594, 0.009318428, 0.009320751, 0.009314577], "mean": 0.009314971800000002, "median": 0.009314577}