{"elapsed_seconds": [1.669402603, 1.665730017, 1.643141649, 1.607576369, 1.624647046, 1.610400279, 1.507027627, 1.626280068, 1.6358143090000001, 1.630893365], "mean": 1.6220913331999998, "median": 1.630893365}