{"elapsed_seconds": [0.336808973, 0.33059713, 0.334836615, 0.329532094, 0.331612491, 0.333558545, 0.32950787, 0.332989303, 0.338437038, 0.335799739], "mean": 0.3333679798, "median": 0.333558545}