{"elapsed_seconds": [0.491604497, 0.492099383, 0.493324199, 0.494138739, 0.494078646, 0.492605009, 0.494284433, 0.491795308, 0.492019198, 0.49209638], "mean": 0.4928045792000001, "median": 0.492605009}