{"elapsed_seconds": [0.251076413, 0.250768277, 0.251142641, 0.250537558, 0.25084334, 0.251389096, 0.251135049, 0.258588333, 0.251232732, 0.251288496], "mean": 0.2518001935, "median": 0.251142641}