{"elapsed_seconds": [0.729952358, 0.73467344, 0.723899599, 0.706698555, 0.69706725, 0.731056845, 0.720871844, 0.727455721, 0.72375754, 0.70184674], "mean": 0.7197279892000001, "median": 0.723899599}