{"elapsed_seconds": [0.315451294, 0.305841294, 0.310052707, 0.317743701, 0.318096858, 0.310342969, 0.309984906, 0.310919674, 0.309551307, 0.319923323], "mean": 0.3127908033, "median": 0.310919674}