{"elapsed_seconds": [0.099905646, 0.099806871, 0.100119023, 0.099957074, 0.100209947, 0.099979725, 0.099935863, 0.099638285, 0.099909611, 0.100051454], "mean": 0.0999513499, "median": 0.099957074}