{"elapsed_seconds": [6.827320511, 6.833448846, 6.873085554, 6.840003613, 6.8011828869999995, 6.922537156, 6.86396991, 6.835001829, 6.9217277280000005, 6.826850232], "mean": 6.854512826599999, "median": 6.840003613}