{"elapsed_seconds": [0.037454048, 0.04105573, 0.041822607, 0.037057722, 0.043376421, 0.044401069, 0.036659773, 0.045490616, 0.037014335, 0.045713153], "mean": 0.0410045474, "median": 0.041822607}