{"elapsed_seconds": [0.001165596, 0.001182598, 0.001172547, 0.001168074, 0.001178432, 0.001175067, 0.001176119, 0.001176243, 0.001189078, 0.001173561], "mean": 0.0011757315000000001, "median": 0.001176119}