{"elapsed_seconds": [0.045304975, 0.045250204, 0.045145351, 0.045235389, 0.045207223, 0.045188089, 0.045154275, 0.045178126, 0.045149585, 0.045133113], "mean": 0.045194633, "median": 0.045188089}