{"elapsed_seconds": [23.988866734, 23.995781503, 23.953296889, 23.810044655, 24.296558801, 23.939160903, 23.683232568, 24.078658262, 24.069847633, 23.491523494], "mean": 23.930697144200003, "median": 23.988866734}