{"elapsed_seconds": [10.009538279, 9.960210361, 10.002137418, 10.308038077, 10.228838959, 10.3834329, 10.207096456, 10.118555754, 10.076778551, 10.368069826], "mean": 10.166269658100001, "median": 10.207096456}