{"elapsed_seconds": [0.112817918, 0.107178051, 0.106751504, 0.106302716, 0.111502698, 0.109676578, 0.112748391, 0.106055682, 0.111409605, 0.106416563], "mean": 0.1090859706, "median": 0.109676578}