{"elapsed_seconds": [2.901367549, 2.87422181, 2.790741637, 2.843928453, 2.883614467, 2.802488554, 2.811328432, 2.771902361, 2.736495477, 2.718055708], "mean": 2.8134144448000002, "median": 2.811328432}