{"elapsed_seconds": [5.578671237, 5.592721433, 5.587388502, 5.579926009, 5.572509796, 5.588398465, 5.55732257, 5.583565376, 5.59635613, 5.564045407], "mean": 5.5800904925, "median": 5.583565376}