{"elapsed_seconds": [15.593049758, 15.426268318, 15.299293463, 15.345441048, 15.441573662, 15.49184307, 15.086522976, 15.172703371, 15.476484609, 15.8085369], "mean": 15.4141717175, "median": 15.441573662}