{"elapsed_seconds": [3.490435991, 3.479133859, 3.489886008, 3.47606889, 3.4976314090000002, 3.486619324, 3.479255322, 3.526153377, 3.504052041, 3.482357836], "mean": 3.4911594057000004, "median": 3.489886008}