{"elapsed_seconds": [3.865791809, 3.947718617, 3.964995911, 3.924144687, 4.144361991, 3.975254697, 3.974829641, 4.007819767, 3.934840989, 3.891269726], "mean": 3.9631027834999997, "median": 3.964995911}