{"elapsed_seconds": [0.072825966, 0.072791525, 0.072493066, 0.072451758, 0.07319813, 0.073142254, 0.072881849, 0.073520798, 0.074265134, 0.07259815], "mean": 0.073016863, "median": 0.072881849}