{"elapsed_seconds": [2.533095703, 2.559754501, 2.563979938, 2.562828424, 2.5743822769999998, 2.578703142, 2.558702321, 2.558588474, 2.547235051, 2.570126654], "mean": 2.5607396485, "median": 2.562828424}