{"elapsed_seconds": [16.346939018, 16.575042696, 16.39832667, 16.332886811, 16.33744071, 16.315726793, 16.406884386, 16.528787325, 16.647092726, 16.469757446], "mean": 16.4358884581, "median": 16.406884386}