{"elapsed_seconds": [0.626329375, 0.627269049, 0.624995977, 0.625804885, 0.624490244, 0.625466348, 0.627439463, 0.627073449, 0.639886756, 0.624862991], "mean": 0.6273618537, "median": 0.626329375}