{"elapsed_seconds": [0.867588405, 0.874421006, 0.87189556, 0.872367044, 0.87672916, 0.868975677, 0.874189354, 0.871988441, 0.873688567, 0.863720838], "mean": 0.8715564052000001, "median": 0.872367044}