{"elapsed_seconds": [4.850343494, 4.894205538, 4.831522774, 4.655431717, 4.85515223, 4.941666459, 4.801841753, 4.938461584, 5.106675612, 4.920504202], "mean": 4.8795805363, "median": 4.894205538}