{"elapsed_seconds": [0.076794849, 0.076680473, 0.07664346, 0.077512165, 0.085486346, 0.076420107, 0.08089578, 0.076134387, 0.08339589, 0.079610533], "mean": 0.078957399, "median": 0.077512165}