{"elapsed_seconds": [7.529711181, 7.249586801, 7.055768463, 7.215620483, 7.086331303, 7.144313592, 7.37250037, 7.27115586, 7.365289258, 7.299713015], "mean": 7.258999032599999, "median": 7.27115586}