{"elapsed_seconds": [0.015126326, 0.015040904, 0.015257671, 0.015085326, 0.015187202, 0.016178102, 0.015162766, 0.016098027, 0.015115504, 0.015127444], "mean": 0.015337927199999999, "median": 0.015162766}