{"elapsed_seconds": [8.729451481, 8.612467025, 8.698531134, 8.618034463, 8.641896405, 8.642698368, 8.656781034, 8.630545147, 8.611214316, 8.641312718], "mean": 8.6482932091, "median": 8.641896405}