{"elapsed_seconds": [11.272430191, 11.197949849, 11.207325558, 11.179032658, 11.208379921, 11.193474441, 11.268695264, 11.173943344, 11.18027935, 11.14568777], "mean": 11.202719834599998, "median": 11.197949849}