{"elapsed_seconds": [20.007323816, 19.576320391, 19.471560774, 19.633708571, 19.609825201, 19.38077983, 19.448630849, 19.555467315, 19.791535914, 19.428519943], "mean": 19.590367260400004, "median": 19.576320391}