{"elapsed_seconds": [16.605367324, 17.204311412, 17.049815955, 16.967899514, 16.914631569, 16.560293008, 16.961736695, 17.124512683, 17.021953858, 16.801656584], "mean": 16.921217860199995, "median": 16.967899514}