{"elapsed_seconds": [0.153105603, 0.153565151, 0.152798817, 0.160259634, 0.152044493, 0.15427871, 0.154175526, 0.159321867, 0.154469173, 0.152605644], "mean": 0.15466246180000004, "median": 0.154175526}