{"elapsed_seconds": [0.22210458, 0.224121321, 0.222272783, 0.22221154, 0.222275771, 0.230172505, 0.223783826, 0.222403868, 0.222534517, 0.222445869], "mean": 0.22343265800000003, "median": 0.222445869}