{"elapsed_seconds": [3.043498717, 3.0315944, 3.037420678, 3.05601645, 3.073606571, 3.03257266, 3.155795324, 3.070987659, 3.014240382, 2.944007406], "mean": 3.0459740247, "median": 3.043498717}