{"elapsed_seconds": [0.563449725, 0.558554564, 0.554097319, 0.553374828, 0.546127234, 0.546550673, 0.548524108, 0.546761765, 0.543162872, 0.54679319], "mean": 0.5507396278, "median": 0.548524108}