{"elapsed_seconds": [16.422102937, 16.426772973, 16.578852798, 16.310967396, 16.337450726, 16.369035469, 16.78441837, 16.322964753, 16.885325261, 16.372892603], "mean": 16.4810783286, "median": 16.422102937}