{"elapsed_seconds": [12.591777115, 12.626914251, 12.66958402, 12.620561814, 12.635163867, 12.653362457, 12.626936244, 12.680383817, 12.71293187, 12.637656591], "mean": 12.6455272046, "median": 12.637656591}