{"elapsed_seconds": [0.559482765, 0.543142416, 0.564487601, 0.532607061, 0.527218707, 0.546984947, 0.542462373, 0.548062112, 0.547084457, 0.55729274], "mean": 0.5468825179000001, "median": 0.547084457}