{"elapsed_seconds": [0.298940076, 0.2956639, 0.292577993, 0.289167175, 0.289159369, 0.28961153, 0.297140914, 0.289871204, 0.293423134, 0.293543462], "mean": 0.29290987570000004, "median": 0.293423134}