{"elapsed_seconds": [15.734435288, 15.935486959, 15.624610286, 15.830631889, 15.633362555, 15.674716298, 15.801425508, 15.810768393, 15.749590428, 15.636857031], "mean": 15.7431884635, "median": 15.749590428}