{"elapsed_seconds": [2.709144467, 2.709258059, 2.714818812, 2.726802017, 2.71429761, 2.720660824, 2.770314385, 2.7230037, 2.719531618, 2.72915194], "mean": 2.7236983431999997, "median": 2.720660824}